시군명,정류소명,정류소id,위도,경도,crs,source_file
의왕시,LG아파트,226000112,37.3672333,126.9666333,WGS84,자료/버스정류소현황.xls
의왕시,LG아파트,226000003,37.3672,126.9669167,WGS84,자료/버스정류소현황.xls
의왕시,가구골목(마을),226000244,37.36235,126.9663667,WGS84,자료/버스정류소현황.xls
의왕시,가구골목(마을),226000245,37.3623,126.96625,WGS84,자료/버스정류소현황.xls
의왕시,가구단지입구,226000045,37.36085,126.9627,WGS84,자료/버스정류소현황.xls
의왕시,가구단지입구,226000166,37.3634833,126.9661,WGS84,자료/버스정류소현황.xls
의왕시,가구단지입구,226000124,37.36,126.9642333,WGS84,자료/버스정류소현황.xls
의왕시,가구단지입구,226000167,37.3635333,126.9658833,WGS84,자료/버스정류소현황.xls
의왕시,갈뫼중학교.내손1동주민센터,226000128,37.3773,126.9752667,WGS84,자료/버스정류소현황.xls
의왕시,갈뫼중학교.내손1동주민센터,226000064,37.3779,126.9759667,WGS84,자료/버스정류소현황.xls
의왕시,갈뫼초등학교,226000065,37.3760667,126.9731667,WGS84,자료/버스정류소현황.xls
의왕시,갈뫼초등학교,226000127,37.3761833,126.9723,WGS84,자료/버스정류소현황.xls
의왕시,강진마을,226000388,37.3196833,126.9350333,WGS84,자료/버스정류소현황.xls
의왕시,경기외고,226000037,37.3517167,126.9610167,WGS84,자료/버스정류소현황.xls
의왕시,경기외고,226000027,37.3518333,126.9610667,WGS84,자료/버스정류소현황.xls
의왕시,경기외국어고등학교,226508770,37.3466667,126.9582667,WGS84,자료/버스정류소현황.xls
의왕시,계원예술대학교,226000123,37.3796833,126.9752833,WGS84,자료/버스정류소현황.xls
의왕시,계원예술대학교,226000140,37.3791833,126.97515,WGS84,자료/버스정류소현황.xls
의왕시,고고리마을입구,226000041,37.3420167,126.9776667,WGS84,자료/버스정류소현황.xls
의왕시,고천,226000035,37.3497833,126.9721333,WGS84,자료/버스정류소현황.xls
의왕시,고천.의왕시청,226000042,37.3478,126.9739,WGS84,자료/버스정류소현황.xls
의왕시,고천.의왕시청,226000048,37.3485167,126.9739667,WGS84,자료/버스정류소현황.xls
의왕시,고천다목적체육관,226000225,37.3477667,126.9820167,WGS84,자료/버스정류소현황.xls
의왕시,고천동주민센터,226000049,37.3462833,126.9751833,WGS84,자료/버스정류소현황.xls
의왕시,고천중학교,226000322,37.352,126.9824167,WGS84,자료/버스정류소현황.xls
의왕시,고천중학교,226000321,37.352,126.98285,WGS84,자료/버스정류소현황.xls
의왕시,고천체육공원,226000235,37.3466667,126.9818333,WGS84,자료/버스정류소현황.xls
의왕시,고천체육공원,226000177,37.34595,126.9826167,WGS84,자료/버스정류소현황.xls
의왕시,고천체육공원,226000315,37.3457667,126.98255,WGS84,자료/버스정류소현황.xls
의왕시,고천파출소,226000125,37.3459,126.9749333,WGS84,자료/버스정류소현황.xls
의왕시,골사그네,226000040,37.3349,126.98035,WGS84,자료/버스정류소현황.xls
의왕시,골사그네,226000051,37.3354667,126.98085,WGS84,자료/버스정류소현황.xls
의왕시,과천터널진입(경유),277103200,37.40185,127.00175,WGS84,자료/버스정류소현황.xls
의왕시,괴말,226000096,37.3313833,126.9551667,WGS84,자료/버스정류소현황.xls
의왕시,괴말,226000389,37.3267667,126.9597167,WGS84,자료/버스정류소현황.xls
의왕시,괴말,226000083,37.3316333,126.9550333,WGS84,자료/버스정류소현황.xls
의왕시,괴말,226000308,37.3267167,126.9596667,WGS84,자료/버스정류소현황.xls
의왕시,교동,226000086,37.33615,126.9644667,WGS84,자료/버스정류소현황.xls
의왕시,교동,226000093,37.3360167,126.96465,WGS84,자료/버스정류소현황.xls
의왕시,구생명교회,226000018,37.3835167,126.9805,WGS84,자료/버스정류소현황.xls
의왕시,국궁터,226000251,37.3830667,127.0107167,WGS84,자료/버스정류소현황.xls
의왕시,국궁터,226000252,37.38305,127.01085,WGS84,자료/버스정류소현황.xls
의왕시,국민은행,226000023,37.3899,126.9783167,WGS84,자료/버스정류소현황.xls
의왕시,국민은행,226000345,37.3901167,126.9781833,WGS84,자료/버스정류소현황.xls
의왕시,국민체육센터,226000063,37.3815667,126.9756,WGS84,자료/버스정류소현황.xls
의왕시,근로자복지회관,226000222,37.3593167,126.9661333,WGS84,자료/버스정류소현황.xls
의왕시,근로자복지회관,226000154,37.3592,126.9665,WGS84,자료/버스정류소현황.xls
의왕시,글로벌도서관.성원아파트,226000012,37.3578,126.9689667,WGS84,자료/버스정류소현황.xls
의왕시,글로벌도서관.신안아파트,226000011,37.3575333,126.9689667,WGS84,자료/버스정류소현황.xls
의왕시,금천마을,226000097,37.3292833,126.9530833,WGS84,자료/버스정류소현황.xls
의왕시,금천마을,226000082,37.3292667,126.9527,WGS84,자료/버스정류소현황.xls
의왕시,꿈마을아파트,226000101,37.3175333,126.9503167,WGS84,자료/버스정류소현황.xls
의왕시,꿈마을아파트,226000078,37.3174667,126.9502,WGS84,자료/버스정류소현황.xls
의왕시,남교회,226000017,37.3839333,126.9787667,WGS84,자료/버스정류소현황.xls
의왕시,내동.내손초등학교,226000053,37.3883333,126.9805,WGS84,자료/버스정류소현황.xls
의왕시,내동.내손초등학교,226000060,37.3882167,126.9807167,WGS84,자료/버스정류소현황.xls
의왕시,내손공영주차장,226000131,37.3833,126.9776167,WGS84,자료/버스정류소현황.xls
의왕시,내손공영주차장,226000062,37.3832667,126.9778833,WGS84,자료/버스정류소현황.xls
의왕시,내손순환길삼거리,226000022,37.3908,126.9805167,WGS84,자료/버스정류소현황.xls
의왕시,내손주공아파트,226000200,37.3776333,126.972,WGS84,자료/버스정류소현황.xls
의왕시,내손초등학교,226000021,37.3888167,126.98245,WGS84,자료/버스정류소현황.xls
의왕시,내손초등학교,226000142,37.3891167,126.9823167,WGS84,자료/버스정류소현황.xls
의왕시,농수산물시장.포일단지입구,226000134,37.3846167,126.9727667,WGS84,자료/버스정류소현황.xls
의왕시,농협,226000391,37.3885,126.9745333,WGS84,자료/버스정류소현황.xls
의왕시,농협삼거리.우미린아파트,226000024,37.3883,126.9745333,WGS84,자료/버스정류소현황.xls
의왕시,능안삼거리,226000390,37.3727667,126.9967833,WGS84,자료/버스정류소현황.xls
의왕시,능안삼거리,226509100,37.3730333,126.9972,WGS84,자료/버스정류소현황.xls
의왕시,능안입구,226000264,37.3781167,126.9989667,WGS84,자료/버스정류소현황.xls
의왕시,능안입구,226000263,37.3783167,126.99925,WGS84,자료/버스정류소현황.xls
의왕시,대림아파트1단지,226000210,37.3896167,126.9814333,WGS84,자료/버스정류소현황.xls
의왕시,대림아파트4단지,226000052,37.3863333,126.9784167,WGS84,자료/버스정류소현황.xls
의왕시,대림아파트5단지,226000061,37.38605,126.9784333,WGS84,자료/버스정류소현황.xls
의왕시,대명단지,226000220,37.36095,126.9668333,WGS84,자료/버스정류소현황.xls
의왕시,대명단지,226000221,37.36095,126.9667,WGS84,자료/버스정류소현황.xls
의왕시,대명아파트.경기중앙교회,226000110,37.3608833,126.9676833,WGS84,자료/버스정류소현황.xls
의왕시,대우.장미아파트,226000311,37.3228667,126.95505,WGS84,자료/버스정류소현황.xls
의왕시,대우.장미아파트,226000312,37.3227667,126.95515,WGS84,자료/버스정류소현황.xls
의왕시,대원아파트,226000126,37.37665,126.9705833,WGS84,자료/버스정류소현황.xls
의왕시,대원아파트,226000066,37.3763667,126.9706667,WGS84,자료/버스정류소현황.xls
의왕시,덕장교회,226000197,37.3902333,126.9943833,WGS84,자료/버스정류소현황.xls
의왕시,덕장초교,226000212,37.3912333,126.9965333,WGS84,자료/버스정류소현황.xls
의왕시,덕장초교,226000171,37.3913667,126.9962167,WGS84,자료/버스정류소현황.xls
의왕시,도룡마을,226000105,37.3103,126.95815,WGS84,자료/버스정류소현황.xls
의왕시,도룡마을,226000074,37.3101833,126.95785,WGS84,자료/버스정류소현황.xls
의왕시,동아에코빌아파트,226000059,37.3913667,126.9819,WGS84,자료/버스정류소현황.xls
의왕시,동아에코빌아파트,226000054,37.3917167,126.9820167,WGS84,자료/버스정류소현황.xls
의왕시,두산위브,226000346,37.39085,126.97995,WGS84,자료/버스정류소현황.xls
의왕시,뒷골,226000330,37.3580667,126.9917333,WGS84,자료/버스정류소현황.xls
의왕시,뒷골,226000336,37.3579667,126.9921,WGS84,자료/버스정류소현황.xls
의왕시,뒷골,226000329,37.35835,126.99205,WGS84,자료/버스정류소현황.xls
의왕시,롯데마트,226000340,37.3800833,126.9729333,WGS84,자료/버스정류소현황.xls
의왕시,롯데첨단소재,226000036,37.3514333,126.9641,WGS84,자료/버스정류소현황.xls
의왕시,롯데첨단소재,226000028,37.3517333,126.9638333,WGS84,자료/버스정류소현황.xls
의왕시,모락고등학교,226000211,37.3701,126.9662167,WGS84,자료/버스정류소현황.xls
의왕시,모락산안골식당,226509050,37.3711667,126.9882167,WGS84,자료/버스정류소현황.xls
의왕시,모락산현대아파트,226000242,37.36035,126.9682667,WGS84,자료/버스정류소현황.xls
의왕시,모락산현대아파트,226000243,37.3605,126.9683333,WGS84,자료/버스정류소현황.xls
의왕시,무궁화선경아파트,226000025,37.3505667,126.9793833,WGS84,자료/버스정류소현황.xls
의왕시,미주아파트,226000309,37.32355,126.9563667,WGS84,자료/버스정류소현황.xls
의왕시,미주아파트,226000310,37.3237333,126.9564333,WGS84,자료/버스정류소현황.xls
의왕시,민들레베스파트.우성고,226000067,37.34955,126.97905,WGS84,자료/버스정류소현황.xls
의왕시,민들레베스파트.우성고,226000031,37.3499167,126.9794833,WGS84,자료/버스정류소현황.xls
의왕시,민방위교육장,226000237,37.3866167,126.9804333,WGS84,자료/버스정류소현황.xls
의왕시,민방위교육장,226000236,37.3864833,126.9803167,WGS84,자료/버스정류소현황.xls
의왕시,발도르프학교,226000298,37.40305,127.00845,WGS84,자료/버스정류소현황.xls
의왕시,발도르프학교,226000299,37.4029833,127.00855,WGS84,자료/버스정류소현황.xls
의왕시,방주교회,226000219,37.3893,127.00025,WGS84,자료/버스정류소현황.xls
의왕시,방주교회,226000218,37.3892667,127.0004833,WGS84,자료/버스정류소현황.xls
의왕시,배꼽,226000281,37.387,127.0181833,WGS84,자료/버스정류소현황.xls
의왕시,배꼽,226000280,37.38705,127.018,WGS84,자료/버스정류소현황.xls
의왕시,백운고교,226000020,37.3866,126.9845167,WGS84,자료/버스정류소현황.xls
의왕시,백운고등학교,226000150,37.3867167,126.98465,WGS84,자료/버스정류소현황.xls
의왕시,백운동산,226000334,37.3638167,126.9975667,WGS84,자료/버스정류소현황.xls
의왕시,백운동산,226000333,37.3639,126.9976333,WGS84,자료/버스정류소현황.xls
의왕시,백운사입구,226000318,37.3475167,127.00185,WGS84,자료/버스정류소현황.xls
의왕시,백운호수,226000266,37.3813,127.0005333,WGS84,자료/버스정류소현황.xls
의왕시,백운호수,226000265,37.3810333,127.0008,WGS84,자료/버스정류소현황.xls
의왕시,벌말초교.한일나래,226000133,37.3927833,126.9806167,WGS84,자료/버스정류소현황.xls
의왕시,벌말초교.한일나래,226000132,37.39285,126.9808833,WGS84,자료/버스정류소현황.xls
의왕시,보훈회관.무궁화선경아파트,226000320,37.3503667,126.9791,WGS84,자료/버스정류소현황.xls
의왕시,부곡IC(경유),277103223,37.3239333,126.96075,WGS84,자료/버스정류소현황.xls
의왕시,부곡IC(경유),277103222,37.3237667,126.9603333,WGS84,자료/버스정류소현황.xls
의왕시,부곡복지회관,226000202,37.3242,126.9576167,WGS84,자료/버스정류소현황.xls
의왕시,부곡복지회관,226000156,37.3242667,126.9579,WGS84,자료/버스정류소현황.xls
의왕시,부곡주유소,226000098,37.32475,126.9486167,WGS84,자료/버스정류소현황.xls
의왕시,부곡주유소,226000081,37.3249,126.9485333,WGS84,자료/버스정류소현황.xls
의왕시,부곡중앙로,226000159,37.3211,126.9542,WGS84,자료/버스정류소현황.xls
의왕시,부곡중앙로,226000158,37.3212333,126.9541833,WGS84,자료/버스정류소현황.xls
의왕시,부곡중학교,226000367,37.31445,126.9559833,WGS84,자료/버스정류소현황.xls
의왕시,부곡차량사업소,226000369,37.3199,126.9461,WGS84,자료/버스정류소현황.xls
의왕시,부곡차량사업소,226000368,37.3201,126.9458667,WGS84,자료/버스정류소현황.xls
의왕시,부곡체육공원,226000139,37.314,126.9576833,WGS84,자료/버스정류소현황.xls
의왕시,부곡체육공원,226000232,37.3141,126.95795,WGS84,자료/버스정류소현황.xls
의왕시,부곡초교,226000102,37.3158167,126.9507833,WGS84,자료/버스정류소현황.xls
의왕시,부곡초교,226000077,37.3157833,126.95065,WGS84,자료/버스정류소현황.xls
의왕시,부곡초등학교후문,226000356,37.3161667,126.9492833,WGS84,자료/버스정류소현황.xls
의왕시,부용촌,226000261,37.3762667,127.0026167,WGS84,자료/버스정류소현황.xls
의왕시,부용촌,226000262,37.37615,127.0025333,WGS84,자료/버스정류소현황.xls
의왕시,북골,226000255,37.3750167,127.0073,WGS84,자료/버스정류소현황.xls
의왕시,북골,226000256,37.3747167,127.0073,WGS84,자료/버스정류소현황.xls
의왕시,삼성래미안.에버하임,226000343,37.3879667,126.97855,WGS84,자료/버스정류소현황.xls
의왕시,삼성래미안.에버하임,226000344,37.3878,126.9784,WGS84,자료/버스정류소현황.xls
의왕시,삼천리자전거,226000394,37.3571667,126.9614833,WGS84,자료/버스정류소현황.xls
의왕시,삼천리자전거,226000395,37.3567833,126.9611833,WGS84,자료/버스정류소현황.xls
의왕시,삼호1차.까치아파트,226000366,37.3167833,126.95545,WGS84,자료/버스정류소현황.xls
의왕시,삼호2차.청솔아파트,226000383,37.3182167,126.9556,WGS84,자료/버스정류소현황.xls
의왕시,삼호2차.청솔아파트,226000384,37.31815,126.9556,WGS84,자료/버스정류소현황.xls
의왕시,삼호2차아파트,226000358,37.3175833,126.9555,WGS84,자료/버스정류소현황.xls
의왕시,삼호2차아파트,226000365,37.3176167,126.9554,WGS84,자료/버스정류소현황.xls
의왕시,상록아파트,226000240,37.3775,126.9721833,WGS84,자료/버스정류소현황.xls
의왕시,새마을금고.해병전우회,226000314,37.321,126.9516667,WGS84,자료/버스정류소현황.xls
의왕시,새마을금고.해병전우회,226000313,37.3211333,126.9518333,WGS84,자료/버스정류소현황.xls
의왕시,새터마을,226000275,37.3899,127.01445,WGS84,자료/버스정류소현황.xls
의왕시,새터마을,226000114,37.3927667,127.0138167,WGS84,자료/버스정류소현황.xls
의왕시,새터마을,226000121,37.3925667,127.0123,WGS84,자료/버스정류소현황.xls
의왕시,새터마을종점,226000274,37.39075,127.0114167,WGS84,자료/버스정류소현황.xls
의왕시,샘마을.대안중학교,226000136,37.3746,126.9676333,WGS84,자료/버스정류소현황.xls
의왕시,서울구치소,226000118,37.3919,126.9889,WGS84,자료/버스정류소현황.xls
의왕시,서울구치소,226000117,37.3918667,126.98825,WGS84,자료/버스정류소현황.xls
의왕시,서해그랑블,226000201,37.3495333,126.9742667,WGS84,자료/버스정류소현황.xls
의왕시,서해그랑블,226000029,37.3497833,126.97395,WGS84,자료/버스정류소현황.xls
의왕시,선경무궁화아파트,226000008,37.3518333,126.9789167,WGS84,자료/버스정류소현황.xls
의왕시,선경무궁화아파트,226000015,37.3521833,126.9787167,WGS84,자료/버스정류소현황.xls
의왕시,수선화아파트,226000175,37.3651333,126.9655833,WGS84,자료/버스정류소현황.xls
의왕시,수원상회,226000371,37.3183833,126.9453667,WGS84,자료/버스정류소현황.xls
의왕시,수원상회,226000370,37.3184667,126.9454667,WGS84,자료/버스정류소현황.xls
의왕시,숲속마을1단지,226000205,37.3968667,126.98615,WGS84,자료/버스정류소현황.xls
의왕시,숲속마을1단지,226000204,37.3969333,126.9865,WGS84,자료/버스정류소현황.xls
의왕시,숲속마을2단지,226000228,37.4008833,126.98875,WGS84,자료/버스정류소현황.xls
의왕시,숲속마을2단지,226000227,37.4003833,126.9872833,WGS84,자료/버스정류소현황.xls
의왕시,숲속마을3.5단지,226000206,37.4036333,126.9862833,WGS84,자료/버스정류소현황.xls
의왕시,숲속마을3.5단지,226000207,37.4023833,126.9858333,WGS84,자료/버스정류소현황.xls
의왕시,숲속마을4단지,226000209,37.4011,126.9856833,WGS84,자료/버스정류소현황.xls
의왕시,숲속마을4단지,226000208,37.4010833,126.9858833,WGS84,자료/버스정류소현황.xls
의왕시,숲속마을입구,226000223,37.3960667,126.9854333,WGS84,자료/버스정류소현황.xls
의왕시,숲속마을입구,226000224,37.39605,126.9851667,WGS84,자료/버스정류소현황.xls
의왕시,시티병원,226000068,37.34985,126.9759667,WGS84,자료/버스정류소현황.xls
의왕시,시티병원,226000030,37.3500833,126.9760333,WGS84,자료/버스정류소현황.xls
의왕시,시티병원.구선병원(마을),226000319,37.3501,126.97655,WGS84,자료/버스정류소현황.xls
의왕시,신안아파트.글로벌도서관,226000044,37.3577667,126.9661333,WGS84,자료/버스정류소현황.xls
의왕시,신원수선화아파트,226000176,37.3650333,126.9644333,WGS84,자료/버스정류소현황.xls
의왕시,신협오거리,226000100,37.3196333,126.9501833,WGS84,자료/버스정류소현황.xls
의왕시,신협오거리,226000079,37.3196667,126.9500833,WGS84,자료/버스정류소현황.xls
의왕시,아리조나,226000287,37.3838167,127.00655,WGS84,자료/버스정류소현황.xls
의왕시,아리조나,226000288,37.3837,127.00625,WGS84,자료/버스정류소현황.xls
의왕시,안양남초등학교,226000135,37.3787167,126.9705333,WGS84,자료/버스정류소현황.xls
의왕시,양지편.청계성당,226000116,37.3904833,126.9913,WGS84,자료/버스정류소현황.xls
의왕시,양지편.청계성당,226000119,37.39065,126.99175,WGS84,자료/버스정류소현황.xls
의왕시,어린이공원,226000238,37.3852833,126.97995,WGS84,자료/버스정류소현황.xls
의왕시,어린이공원,226000239,37.3848167,126.9792833,WGS84,자료/버스정류소현황.xls
의왕시,어린이집,226000324,37.3540667,126.9859667,WGS84,자료/버스정류소현황.xls
의왕시,어린이집,226000323,37.3539833,126.98605,WGS84,자료/버스정류소현황.xls
의왕시,여성회관,226000014,37.35445,126.9758167,WGS84,자료/버스정류소현황.xls
의왕시,여성회관.복전원,226000009,37.35385,126.9763167,WGS84,자료/버스정류소현황.xls
의왕시,영광빌라사거리,226000359,37.3173333,126.9539833,WGS84,자료/버스정류소현황.xls
의왕시,영광빌라사거리,226000364,37.3172333,126.9539333,WGS84,자료/버스정류소현황.xls
의왕시,옛골,226509080,37.3712167,126.9936167,WGS84,자료/버스정류소현황.xls
의왕시,옛골,226509090,37.3713167,126.9937,WGS84,자료/버스정류소현황.xls
의왕시,옛방앗간,226000377,37.3137,126.9399333,WGS84,자료/버스정류소현황.xls
의왕시,옛방앗간,226000376,37.3136167,126.9396667,WGS84,자료/버스정류소현황.xls
의왕시,오린개마을,226000332,37.3715,127.0018167,WGS84,자료/버스정류소현황.xls
의왕시,오린개마을,226000331,37.3714167,127.0019833,WGS84,자료/버스정류소현황.xls
의왕시,오메기마을,226000327,37.3573333,126.98875,WGS84,자료/버스정류소현황.xls
의왕시,오메기마을,226000328,37.3574667,126.98875,WGS84,자료/버스정류소현황.xls
의왕시,오메기저수지,226000335,37.3575333,126.99635,WGS84,자료/버스정류소현황.xls
의왕시,오작교,226000257,37.37435,127.0066,WGS84,자료/버스정류소현황.xls
의왕시,오작교,226000258,37.3741667,127.0063833,WGS84,자료/버스정류소현황.xls
의왕시,오전공단,226000393,37.35785,126.96375,WGS84,자료/버스정류소현황.xls
의왕시,오전공단,226000392,37.3581333,126.9637,WGS84,자료/버스정류소현황.xls
의왕시,오전동주민센터,226000043,37.3538,126.9699,WGS84,자료/버스정류소현황.xls
의왕시,오전동주민센터,226000047,37.3533333,126.9709,WGS84,자료/버스정류소현황.xls
의왕시,오전초등학교.동백아파트,226000010,37.3554333,126.9711333,WGS84,자료/버스정류소현황.xls
의왕시,오전초등학교.동백아파트,226000013,37.3557,126.9709833,WGS84,자료/버스정류소현황.xls
의왕시,옥박골,226000306,37.3955833,127.00355,WGS84,자료/버스정류소현황.xls
의왕시,옥박골,226000196,37.3942667,127.0025667,WGS84,자료/버스정류소현황.xls
의왕시,옥박골,226000195,37.3941833,127.0023667,WGS84,자료/버스정류소현황.xls
의왕시,옥박골,226000307,37.3956167,127.0037667,WGS84,자료/버스정류소현황.xls
의왕시,올가,226000254,37.376,127.0073167,WGS84,자료/버스정류소현황.xls
의왕시,올가,226000253,37.37635,127.0071333,WGS84,자료/버스정류소현황.xls
의왕시,왕곡동마을회관,226000316,37.3448833,126.9903167,WGS84,자료/버스정류소현황.xls
의왕시,왕곡동마을회관,226000317,37.3449667,126.9903,WGS84,자료/버스정류소현황.xls
의왕시,왕곡초등학교,226000006,37.3463,126.9796333,WGS84,자료/버스정류소현황.xls
의왕시,왕곡초등학교,226000033,37.3459667,126.9805167,WGS84,자료/버스정류소현황.xls
의왕시,왕림마을,226000055,37.345,126.98725,WGS84,자료/버스정류소현황.xls
의왕시,왕림마을,226000002,37.34495,126.98715,WGS84,자료/버스정류소현황.xls
의왕시,왕림윗마을,226000155,37.3461167,126.9957833,WGS84,자료/버스정류소현황.xls
의왕시,왕림윗마을,226000058,37.34625,126.9962167,WGS84,자료/버스정류소현황.xls
의왕시,우성5차.KT전화국앞,226000363,37.3171333,126.9523333,WGS84,자료/버스정류소현황.xls
의왕시,우성5차.KT전화국앞,226000360,37.3172167,126.9523167,WGS84,자료/버스정류소현황.xls
의왕시,우성고등학교,226000032,37.34995,126.9811167,WGS84,자료/버스정류소현황.xls
의왕시,우성고등학교,226000007,37.3497667,126.9810333,WGS84,자료/버스정류소현황.xls
의왕시,원터마을,226000199,37.39475,127.02275,WGS84,자료/버스정류소현황.xls
의왕시,원터마을,226000113,37.3942667,127.0231333,WGS84,자료/버스정류소현황.xls
의왕시,원터마을,226000122,37.3945667,127.0223167,WGS84,자료/버스정류소현황.xls
의왕시,원효충무아파트,226000005,37.3457333,126.9771333,WGS84,자료/버스정류소현황.xls
의왕시,원효충무아파트,226000034,37.3454667,126.9772167,WGS84,자료/버스정류소현황.xls
의왕시,월암2동,226000347,37.3068833,126.9621,WGS84,자료/버스정류소현황.xls
의왕시,월암ic.월암동,226000073,37.3065833,126.9579833,WGS84,자료/버스정류소현황.xls
의왕시,월암ic.월암동,226000106,37.30655,126.95835,WGS84,자료/버스정류소현황.xls
의왕시,월암갈비,226000355,37.3095167,126.9551333,WGS84,자료/버스정류소현황.xls
의왕시,월암갈비,226000354,37.3094167,126.9551667,WGS84,자료/버스정류소현황.xls
의왕시,월암공영차고지(경유),277102717,37.3027833,126.95885,WGS84,자료/버스정류소현황.xls
의왕시,월암공영차고지(경유),277102718,37.30285,126.9587667,WGS84,자료/버스정류소현황.xls
의왕시,월암교,226000072,37.3059667,126.9573,WGS84,자료/버스정류소현황.xls
의왕시,월암교,226000107,37.3058167,126.95735,WGS84,자료/버스정류소현황.xls
의왕시,월암동.부곡중,226000104,37.3133,126.9546167,WGS84,자료/버스정류소현황.xls
의왕시,월암동.부곡중,226000075,37.3131,126.9548333,WGS84,자료/버스정류소현황.xls
의왕시,월암동삼거리,226000349,37.3081667,126.9607,WGS84,자료/버스정류소현황.xls
의왕시,월암동삼거리,226000348,37.3083167,126.9607167,WGS84,자료/버스정류소현황.xls
의왕시,월암마을회관,226000350,37.3078833,126.9598833,WGS84,자료/버스정류소현황.xls
의왕시,월암마을회관,226000351,37.3077833,126.9599833,WGS84,자료/버스정류소현황.xls
의왕시,월암방앗간,226000353,37.3066,126.9558333,WGS84,자료/버스정류소현황.xls
의왕시,월암방앗간,226000352,37.30665,126.9558833,WGS84,자료/버스정류소현황.xls
의왕시,월암종점,226000070,37.30295,126.9558667,WGS84,자료/버스정류소현황.xls
의왕시,월암종점,226000109,37.3024167,126.95635,WGS84,자료/버스정류소현황.xls
의왕시,윗새우대,226000375,37.3157833,126.9388333,WGS84,자료/버스정류소현황.xls
의왕시,의왕고등학교,226000157,37.3219167,126.9575333,WGS84,자료/버스정류소현황.xls
의왕시,의왕고등학교,226000137,37.3219,126.95725,WGS84,자료/버스정류소현황.xls
의왕시,의왕국민체육센터,226000130,37.3817,126.9753333,WGS84,자료/버스정류소현황.xls
의왕시,의왕보건소,226000090,37.34345,126.9725167,WGS84,자료/버스정류소현황.xls
의왕시,의왕보건소.의왕경찰서,226000163,37.3439,126.9730333,WGS84,자료/버스정류소현황.xls
의왕시,의왕소방서.솔거원효아파트,226000182,37.3438833,126.9767,WGS84,자료/버스정류소현황.xls
의왕시,의왕소방서.원효솔거아파트,226000194,37.3443667,126.97585,WGS84,자료/버스정류소현황.xls
의왕시,의왕시고천시외버스정류장,226000241,37.3489,126.9733,WGS84,자료/버스정류소현황.xls
의왕시,의왕시청,226000089,37.3444167,126.9703833,WGS84,자료/버스정류소현황.xls
의왕시,의왕시청,226000178,37.3454833,126.9705333,WGS84,자료/버스정류소현황.xls
의왕시,의왕신부곡IC(경유),277103315,37.3323833,126.9683,WGS84,자료/버스정류소현황.xls
의왕시,의왕신부곡IC(경유),277103314,37.3328,126.9682833,WGS84,자료/버스정류소현황.xls
의왕시,의왕역,226000160,37.3210667,126.9503,WGS84,자료/버스정류소현황.xls
의왕시,의왕역,226000099,37.3215833,126.9488667,WGS84,자료/버스정류소현황.xls
의왕시,의왕역,226000080,37.3214167,126.9487667,WGS84,자료/버스정류소현황.xls
의왕시,의왕역,226000161,37.3209167,126.9502833,WGS84,자료/버스정류소현황.xls
의왕시,의왕지구대.글로벌도서관,226000046,37.3568,126.96775,WGS84,자료/버스정류소현황.xls
의왕시,의왕청계영업소,226000190,37.3931333,127.02325,WGS84,자료/버스정류소현황.xls
의왕시,의왕청계영업소,226000191,37.39245,127.0261667,WGS84,자료/버스정류소현황.xls
의왕시,의왕초등학교,226000004,37.3621,126.9678833,WGS84,자료/버스정류소현황.xls
의왕시,의왕터널진입(경유),277103220,37.3656667,126.9992333,WGS84,자료/버스정류소현황.xls
의왕시,의왕터널진입(경유),277103221,37.35895,126.9983333,WGS84,자료/버스정류소현황.xls
의왕시,의왕톨게이트,226000038,37.3485167,126.9845667,WGS84,자료/버스정류소현황.xls
의왕시,의왕톨게이트,226000039,37.34645,126.9839333,WGS84,자료/버스정류소현황.xls
의왕시,의왕통합관제센터,226000179,37.3507667,126.9682833,WGS84,자료/버스정류소현황.xls
의왕시,의왕통합관제센터,226000187,37.3507667,126.9684167,WGS84,자료/버스정류소현황.xls
의왕시,의왕통합관제센터,226000180,37.3505167,126.9679667,WGS84,자료/버스정류소현황.xls
의왕시,의일마을.물레방아간,226000260,37.3741167,127.0035333,WGS84,자료/버스정류소현황.xls
의왕시,의일마을.물레방아간,226000259,37.3739167,127.0038667,WGS84,자료/버스정류소현황.xls
의왕시,인덕원IT밸리,226000230,37.4016667,126.9920167,WGS84,자료/버스정류소현황.xls
의왕시,인덕원IT밸리,226000229,37.4018167,126.9917833,WGS84,자료/버스정류소현황.xls
의왕시,자동차극장앞,226000267,37.3829667,126.9993333,WGS84,자료/버스정류소현황.xls
의왕시,자연앤아파트,226508760,37.3465667,126.9579667,WGS84,자료/버스정류소현황.xls
의왕시,장안마을,226000231,37.3193333,126.9577667,WGS84,자료/버스정류소현황.xls
의왕시,장안마을,226000138,37.3192333,126.9574667,WGS84,자료/버스정류소현황.xls
의왕시,장안마을주공아파트정문,226000382,37.3199667,126.9567333,WGS84,자료/버스정류소현황.xls
의왕시,장안마을주공아파트정문,226000381,37.3199667,126.9566167,WGS84,자료/버스정류소현황.xls
의왕시,재활용센타,226000092,37.3376167,126.9671,WGS84,자료/버스정류소현황.xls
의왕시,재활용센타,226000087,37.3377667,126.96695,WGS84,자료/버스정류소현황.xls
의왕시,잿말,226000071,37.3045,126.9559167,WGS84,자료/버스정류소현황.xls
의왕시,잿말,226000108,37.3046167,126.9560167,WGS84,자료/버스정류소현황.xls
의왕시,정진기계,226000168,37.3524167,126.96285,WGS84,자료/버스정류소현황.xls
의왕시,정진기계앞,226000169,37.3525333,126.9629167,WGS84,자료/버스정류소현황.xls
의왕시,종가집,226000283,37.3863333,127.01695,WGS84,자료/버스정류소현황.xls
의왕시,종가집,226000282,37.38645,127.0169667,WGS84,자료/버스정류소현황.xls
의왕시,중간새우대,226000378,37.3111,126.9391,WGS84,자료/버스정류소현황.xls
의왕시,중간새우대,226000379,37.3112833,126.9391667,WGS84,자료/버스정류소현황.xls
의왕시,중앙도서관,226000091,37.34055,126.97035,WGS84,자료/버스정류소현황.xls
의왕시,중앙도서관,226000088,37.3415833,126.97065,WGS84,자료/버스정류소현황.xls
의왕시,지장암,226000326,37.3564333,126.9872167,WGS84,자료/버스정류소현황.xls
의왕시,지장암,226000325,37.3563333,126.9872667,WGS84,자료/버스정류소현황.xls
의왕시,지지대고개(경유),277103322,37.33045,126.9833333,WGS84,자료/버스정류소현황.xls
의왕시,지지대고개(경유),277103323,37.33055,126.9836667,WGS84,자료/버스정류소현황.xls
의왕시,진부촌,226000294,37.4049333,127.0155333,WGS84,자료/버스정류소현황.xls
의왕시,진부촌,226000295,37.4047167,127.01535,WGS84,자료/버스정류소현황.xls
의왕시,창말,226000084,37.3339333,126.9581,WGS84,자료/버스정류소현황.xls
의왕시,창말,226000095,37.3334833,126.9580333,WGS84,자료/버스정류소현황.xls
의왕시,천왕사,226000277,37.38855,127.0179333,WGS84,자료/버스정류소현황.xls
의왕시,천왕사,226000276,37.3884667,127.0178667,WGS84,자료/버스정류소현황.xls
의왕시,철도기술연구원정문(마을),226000361,37.3131333,126.9559833,WGS84,자료/버스정류소현황.xls
의왕시,철도박물관,226000362,37.3147333,126.94935,WGS84,자료/버스정류소현황.xls
의왕시,청계4통경로당,226000301,37.4011833,127.0065333,WGS84,자료/버스정류소현황.xls
의왕시,청계4통경로당,226000300,37.4012167,127.0063333,WGS84,자료/버스정류소현황.xls
의왕시,청계농협,226000115,37.3888167,126.9975333,WGS84,자료/버스정류소현황.xls
의왕시,청계농협,226000273,37.3885333,126.9967333,WGS84,자료/버스정류소현황.xls
의왕시,청계동(경유),277101960,37.3940333,127.0177,WGS84,자료/버스정류소현황.xls
의왕시,청계동주민센터,226000186,37.38925,126.9952833,WGS84,자료/버스정류소현황.xls
의왕시,청계동주민센터,226000185,37.3895,126.9953167,WGS84,자료/버스정류소현황.xls
의왕시,청계마을3단지,226000339,37.3915833,126.9988667,WGS84,자료/버스정류소현황.xls
의왕시,청계마을3단지,226000338,37.3916833,126.9989167,WGS84,자료/버스정류소현황.xls
의왕시,청계마을5단지,226000272,37.3908667,126.9999,WGS84,자료/버스정류소현황.xls
의왕시,청계마을5단지,226000337,37.391,126.9999667,WGS84,자료/버스정류소현황.xls
의왕시,청계산입구,226000292,37.4059333,127.0176333,WGS84,자료/버스정류소현황.xls
의왕시,청계산입구,226000293,37.4058333,127.0177,WGS84,자료/버스정류소현황.xls
의왕시,청계산주차장,226000291,37.4055667,127.0256667,WGS84,자료/버스정류소현황.xls
의왕시,청계조경앞,226000268,37.3840167,126.9990167,WGS84,자료/버스정류소현황.xls
의왕시,청계조경앞,226000269,37.3842333,126.9986667,WGS84,자료/버스정류소현황.xls
의왕시,청계체육시설,226000271,37.3864833,126.9979167,WGS84,자료/버스정류소현황.xls
의왕시,청계체육시설,226000270,37.3865,126.9982,WGS84,자료/버스정류소현황.xls
의왕시,초평동,226000380,37.3085667,126.9391667,WGS84,자료/버스정류소현황.xls
의왕시,초평슈퍼,226000372,37.31665,126.9435,WGS84,자료/버스정류소현황.xls
의왕시,초평슈퍼,226000373,37.3165833,126.9435667,WGS84,자료/버스정류소현황.xls
의왕시,컨테이너기지,226000094,37.33455,126.9609,WGS84,자료/버스정류소현황.xls
의왕시,컨테이너기지,226000085,37.3349333,126.9611667,WGS84,자료/버스정류소현황.xls
의왕시,타운하우스,226509060,37.3708333,126.9897833,WGS84,자료/버스정류소현황.xls
의왕시,타운하우스,226509070,37.3708667,126.9901167,WGS84,자료/버스정류소현황.xls
의왕시,통미마을,226000050,37.34135,126.9787667,WGS84,자료/버스정류소현황.xls
의왕시,통미마을대안사앞,226000203,37.3385167,126.9794667,WGS84,자료/버스정류소현황.xls
의왕시,포일남교회,226000147,37.3837667,126.97875,WGS84,자료/버스정류소현황.xls
의왕시,포일삼거리,226000189,37.39225,126.9852833,WGS84,자료/버스정류소현황.xls
의왕시,포일삼거리,226000188,37.3924833,126.9853167,WGS84,자료/버스정류소현황.xls
의왕시,포일성당,226000019,37.38495,126.9839,WGS84,자료/버스정류소현황.xls
의왕시,포일성당입구,226000148,37.3835667,126.9816,WGS84,자료/버스정류소현황.xls
의왕시,포일센트럴푸르지오아파트,226000057,37.3953,126.98515,WGS84,자료/버스정류소현황.xls
의왕시,포일센트럴푸르지오아파트,226000056,37.395,126.9849667,WGS84,자료/버스정류소현황.xls
의왕시,포일운동장앞,226000149,37.3846667,126.9838333,WGS84,자료/버스정류소현황.xls
의왕시,포일자이아파트,226000193,37.3838,126.9748167,WGS84,자료/버스정류소현황.xls
의왕시,포일자이아파트,226000341,37.3835833,126.97505,WGS84,자료/버스정류소현황.xls
의왕시,포일자이아파트사거리,226000342,37.3843667,126.97665,WGS84,자료/버스정류소현황.xls
의왕시,포일자이아파트사거리,226000016,37.38435,126.9763667,WGS84,자료/버스정류소현황.xls
의왕시,하루,226000250,37.3838833,127.0108167,WGS84,자료/버스정류소현황.xls
의왕시,하루,226000249,37.3839,127.0106667,WGS84,자료/버스정류소현황.xls
의왕시,학의JC(경유),277103158,37.3876667,127.0015167,WGS84,자료/버스정류소현황.xls
의왕시,학의JC(경유),277103159,37.38705,127.0015833,WGS84,자료/버스정류소현황.xls
의왕시,학의JC(경유),277103156,37.3869833,127.0011667,WGS84,자료/버스정류소현황.xls
의왕시,학의JC(경유),277103157,37.3875833,127.0018,WGS84,자료/버스정류소현황.xls
의왕시,학현마을,226000278,37.3877333,127.0181667,WGS84,자료/버스정류소현황.xls
의왕시,학현마을,226000279,37.3876667,127.0183,WGS84,자료/버스정류소현황.xls
의왕시,학현삼거리,226000248,37.3846,127.0123333,WGS84,자료/버스정류소현황.xls
의왕시,학현삼거리,226000284,37.3845,127.01235,WGS84,자료/버스정류소현황.xls
의왕시,학현슈퍼,226000286,37.3840167,127.0091333,WGS84,자료/버스정류소현황.xls
의왕시,학현슈퍼,226000285,37.3841,127.0091333,WGS84,자료/버스정류소현황.xls
의왕시,한국교통대학교,226000103,37.3148,126.9512,WGS84,자료/버스정류소현황.xls
의왕시,한국교통대학교,226000076,37.31475,126.9516,WGS84,자료/버스정류소현황.xls
의왕시,한국철도기술연구원,226000183,37.31325,126.9529167,WGS84,자료/버스정류소현황.xls
의왕시,한국철도기술연구원,226000184,37.3130333,126.9528667,WGS84,자료/버스정류소현황.xls
의왕시,한직골.농협,226000120,37.3889333,126.9984833,WGS84,자료/버스정류소현황.xls
의왕시,함지박,226000289,37.3841,127.0011167,WGS84,자료/버스정류소현황.xls
의왕시,함지박,226000290,37.38395,127.0011,WGS84,자료/버스정류소현황.xls
의왕시,해모로아파트.의왕초등학교,226000111,37.36295,126.96735,WGS84,자료/버스정류소현황.xls
의왕시,해모로아파트정문.수선화아파트(마을),226000246,37.3654833,126.9661833,WGS84,자료/버스정류소현황.xls
의왕시,해태제과사거리,226000170,37.36105,126.9619833,WGS84,자료/버스정류소현황.xls
의왕시,호계현대아파트(마을),226000247,37.3646833,126.9647667,WGS84,자료/버스정류소현황.xls
의왕시,회차(경유),277101753,37.4057167,126.9872833,WGS84,자료/버스정류소현황.xls
의왕시,휴먼시아1단지,226000198,37.3907333,126.9948333,WGS84,자료/버스정류소현황.xls
의왕시,휴먼시아3단지,226000213,37.39255,126.9989667,WGS84,자료/버스정류소현황.xls
의왕시,휴먼시아3단지,226000172,37.3923833,126.9984667,WGS84,자료/버스정류소현황.xls
의왕시,휴먼시아4단지,226000214,37.3939,127.00075,WGS84,자료/버스정류소현황.xls
의왕시,휴먼시아4단지,226000173,37.3940333,127.0006333,WGS84,자료/버스정류소현황.xls
의왕시,휴먼시아5단지,226000215,37.3918333,127.0019333,WGS84,자료/버스정류소현황.xls
의왕시,휴먼시아5단지,226000216,37.3915333,127.0015333,WGS84,자료/버스정류소현황.xls
의왕시,휴먼시아6단지,226000217,37.39035,127.0010333,WGS84,자료/버스정류소현황.xls
의왕시,휴먼시아6단지,226000174,37.3903,127.0012167,WGS84,자료/버스정류소현황.xls
