시군명,정류소명,정류소id,위도,경도,최근접CCTV거리_m
의왕시,자동차극장앞,226000267,37.3829667,126.9993333,13.141378952920197
의왕시,부곡체육공원,226000139,37.314,126.9576833,16.09422089083578
의왕시,근로자복지회관,226000222,37.3593167,126.9661333,21.151343719718234
의왕시,부곡체육공원,226000232,37.3141,126.95795,28.4227473973517
의왕시,근로자복지회관,226000154,37.3592,126.9665,34.92358517867208
의왕시,청계농협,226000273,37.3885333,126.9967333,38.01016317093238
의왕시,서해그랑블,226000029,37.3497833,126.97395,54.667403627936814
의왕시,해모로아파트정문.수선화아파트(마을),226000246,37.3654833,126.9661833,55.97767187518294
의왕시,청계농협,226000115,37.3888167,126.9975333,56.239533318736335
의왕시,의왕시고천시외버스정류장,226000241,37.3489,126.9733,61.06167093561768
의왕시,의왕고등학교,226000157,37.3219167,126.9575333,63.19590996590605
의왕시,서해그랑블,226000201,37.3495333,126.9742667,65.51250921568572
의왕시,의왕고등학교,226000137,37.3219,126.95725,71.07864365529201
의왕시,새터마을,226000114,37.3927667,127.0138167,78.79120802539025
의왕시,창말,226000095,37.3334833,126.9580333,96.76823758910018
의왕시,골사그네,226000051,37.3354667,126.98085,105.21430255339791
의왕시,고천.의왕시청,226000048,37.3485167,126.9739667,106.71842853614716
의왕시,청계조경앞,226000268,37.3840167,126.9990167,115.33051247375785
의왕시,수선화아파트,226000175,37.3651333,126.9655833,115.76380786347954
의왕시,의왕보건소,226000090,37.34345,126.9725167,126.21466041131664
의왕시,고천,226000035,37.3497833,126.9721333,130.98558295083228
의왕시,창말,226000084,37.3339333,126.9581,131.68373684659193
의왕시,한직골.농협,226000120,37.3889333,126.9984833,140.3674083947282
의왕시,골사그네,226000040,37.3349,126.98035,141.30653011306606
의왕시,포일삼거리,226000188,37.3924833,126.9853167,141.69475800503932
의왕시,청계조경앞,226000269,37.3842333,126.9986667,145.86464765842138
의왕시,월암공영차고지(경유),277102717,37.3027833,126.95885,148.85529260243814
의왕시,청계동주민센터,226000186,37.38925,126.9952833,149.4618279148446
의왕시,신안아파트.글로벌도서관,226000044,37.3577667,126.9661333,151.2661947250684
의왕시,월암공영차고지(경유),277102718,37.30285,126.9587667,153.09463815515915
의왕시,청계동주민센터,226000185,37.3895,126.9953167,157.34316535957245
의왕시,포일삼거리,226000189,37.39225,126.9852833,164.12972959233656
의왕시,중앙도서관,226000088,37.3415833,126.97065,166.55468938991217
의왕시,의왕시청,226000089,37.3444167,126.9703833,171.50198613117766
의왕시,부곡중학교,226000367,37.31445,126.9559833,171.51953478877707
의왕시,장안마을주공아파트정문,226000382,37.3199667,126.9567333,176.23819106675984
의왕시,철도기술연구원정문(마을),226000361,37.3131333,126.9559833,179.74096058340754
의왕시,장안마을주공아파트정문,226000381,37.3199667,126.9566167,181.37103690149382
의왕시,고천.의왕시청,226000042,37.3478,126.9739,182.33537942568952
의왕시,의왕보건소.의왕경찰서,226000163,37.3439,126.9730333,189.7279556746429
의왕시,LG아파트,226000003,37.3672,126.9669167,191.029552995857
의왕시,가구단지입구,226000124,37.36,126.9642333,192.61917831829572
의왕시,LG아파트,226000112,37.3672333,126.9666333,195.20193306111736
의왕시,함지박,226000290,37.38395,127.0011,199.99768723099635
의왕시,호계현대아파트(마을),226000247,37.3646833,126.9647667,201.86009509251068
의왕시,새터마을,226000121,37.3925667,127.0123,205.5256802505223
의왕시,대명단지,226000221,37.36095,126.9667,209.18364220991498
의왕시,포일센트럴푸르지오아파트,226000056,37.395,126.9849667,209.95626179435118
의왕시,함지박,226000289,37.3841,127.0011167,210.58271252213115
의왕시,대명단지,226000220,37.36095,126.9668333,212.39925226387302
의왕시,신원수선화아파트,226000176,37.3650333,126.9644333,216.5119216005315
의왕시,시티병원,226000068,37.34985,126.9759667,219.83627459657168
의왕시,백운호수,226000266,37.3813,127.0005333,222.2480359694825
의왕시,장안마을,226000231,37.3193333,126.9577667,225.5661684589472
의왕시,포일센트럴푸르지오아파트,226000057,37.3953,126.98515,230.06028280467314
의왕시,가구단지입구,226000166,37.3634833,126.9661,231.29499181973316
의왕시,가구단지입구,226000167,37.3635333,126.9658833,232.050787858486
의왕시,시티병원,226000030,37.3500833,126.9760333,232.5329198867428
의왕시,모락산현대아파트,226000242,37.36035,126.9682667,233.7439894012744
의왕시,장안마을,226000138,37.3192333,126.9574667,237.32213101880228
의왕시,대명아파트.경기중앙교회,226000110,37.3608833,126.9676833,239.44685468060416
의왕시,오전공단,226000392,37.3581333,126.9637,240.4040447107796
의왕시,괴말,226000083,37.3316333,126.9550333,241.2144322871977
의왕시,서울구치소,226000117,37.3918667,126.98825,244.5078780864325
의왕시,모락산현대아파트,226000243,37.3605,126.9683333,248.4423323267094
의왕시,괴말,226000096,37.3313833,126.9551667,252.68603577815477
의왕시,오전공단,226000393,37.35785,126.96375,252.746039727628
의왕시,백운호수,226000265,37.3810333,127.0008,259.9420908386096
의왕시,덕장초교,226000212,37.3912333,126.9965333,267.06411756876815
의왕시,통미마을대안사앞,226000203,37.3385167,126.9794667,268.3975523218027
의왕시,미주아파트,226000309,37.32355,126.9563667,269.7770474459728
의왕시,덕장교회,226000197,37.3902333,126.9943833,270.2782062670888
의왕시,대우.장미아파트,226000312,37.3227667,126.95515,273.04683817094894
의왕시,월암동.부곡중,226000075,37.3131,126.9548333,275.13773697741686
의왕시,시티병원.구선병원(마을),226000319,37.3501,126.97655,276.7008621628529
의왕시,휴먼시아1단지,226000198,37.3907333,126.9948333,277.79729628402197
의왕시,청계체육시설,226000271,37.3864833,126.9979167,278.0319573880165
의왕시,의왕시청,226000178,37.3454833,126.9705333,280.4905022916916
의왕시,중앙도서관,226000091,37.34055,126.97035,284.314963283594
의왕시,서울구치소,226000118,37.3919,126.9889,284.80577589402634
의왕시,청계체육시설,226000270,37.3865,126.9982,285.4117938174289
의왕시,해모로아파트.의왕초등학교,226000111,37.36295,126.96735,285.6681546311717
의왕시,미주아파트,226000310,37.3237333,126.9564333,285.978406617032
의왕시,덕장초교,226000171,37.3913667,126.9962167,286.3446923379402
의왕시,대우.장미아파트,226000311,37.3228667,126.95505,286.6917261111704
의왕시,월암동.부곡중,226000104,37.3133,126.9546167,287.585868245644
의왕시,글로벌도서관.성원아파트,226000012,37.3578,126.9689667,292.0075431226718
의왕시,의왕지구대.글로벌도서관,226000046,37.3568,126.96775,296.3393133728285
의왕시,청계동(경유),277101960,37.3940333,127.0177,299.16094973372736
의왕시,방주교회,226000219,37.3893,127.00025,300.3529605379854
의왕시,숲속마을입구,226000223,37.3960667,126.9854333,300.65972911434227
의왕시,숲속마을입구,226000224,37.39605,126.9851667,306.0563784242551
의왕시,글로벌도서관.신안아파트,226000011,37.3575333,126.9689667,308.05811711660556
의왕시,부곡중앙로,226000159,37.3211,126.9542,309.231558046061
의왕시,부곡중앙로,226000158,37.3212333,126.9541833,309.6702828933117
의왕시,부곡복지회관,226000202,37.3242,126.9576167,315.7639022637071
의왕시,방주교회,226000218,37.3892667,127.0004833,320.13575904562435
의왕시,부곡복지회관,226000156,37.3242667,126.9579,323.7050626188352
의왕시,청계마을5단지,226000272,37.3908667,126.9999,347.3770495785528
의왕시,청계마을3단지,226000339,37.3915833,126.9988667,350.26363141837857
의왕시,가구골목(마을),226000244,37.36235,126.9663667,350.73246949647137
의왕시,가구골목(마을),226000245,37.3623,126.96625,353.0214319940294
의왕시,부곡IC(경유),277103222,37.3237667,126.9603333,355.74364280848715
의왕시,가구단지입구,226000045,37.36085,126.9627,357.54848988305423
의왕시,청계마을5단지,226000337,37.391,126.9999667,361.52662977004803
의왕시,청계마을3단지,226000338,37.3916833,126.9989167,362.1127290677292
의왕시,의왕초등학교,226000004,37.3621,126.9678833,365.6378018918741
의왕시,월암종점,226000109,37.3024167,126.95635,371.65387786517806
의왕시,새터마을,226000275,37.3899,127.01445,373.6731141055309
의왕시,컨테이너기지,226000094,37.33455,126.9609,376.5537979038109
의왕시,고천동주민센터,226000049,37.3462833,126.9751833,377.2584099580958
의왕시,숲속마을1단지,226000205,37.3968667,126.98615,379.02777049327545
의왕시,삼호1차.까치아파트,226000366,37.3167833,126.95545,383.2250017536542
의왕시,숲속마을1단지,226000204,37.3969333,126.9865,386.2875172843947
의왕시,새터마을종점,226000274,37.39075,127.0114167,387.3482039858
의왕시,월암교,226000107,37.3058167,126.95735,388.83088339877514
의왕시,부곡IC(경유),277103223,37.3239333,126.96075,394.26658648382215
의왕시,삼호2차.청솔아파트,226000383,37.3182167,126.9556,395.1001049294837
의왕시,도룡마을,226000105,37.3103,126.95815,399.41623473777327
의왕시,휴먼시아6단지,226000217,37.39035,127.0010333,401.65411683090326
의왕시,삼호2차.청솔아파트,226000384,37.31815,126.9556,401.67760810730897
의왕시,월암종점,226000070,37.30295,126.9558667,403.06622022405753
의왕시,월암교,226000072,37.3059667,126.9573,403.9918367480328
의왕시,월암ic.월암동,226000106,37.30655,126.95835,404.3956618077005
의왕시,고천파출소,226000125,37.3459,126.9749333,409.746915667917
의왕시,도룡마을,226000074,37.3101833,126.95785,411.1302840326098
의왕시,휴먼시아6단지,226000174,37.3903,127.0012167,414.2497430745674
의왕시,잿말,226000108,37.3046167,126.9560167,414.61202890488227
의왕시,휴먼시아3단지,226000172,37.3923833,126.9984667,416.7069501516064
의왕시,컨테이너기지,226000085,37.3349333,126.9611667,417.1989539129844
의왕시,잿말,226000071,37.3045,126.9559167,418.58421636468074
의왕시,월암ic.월암동,226000073,37.3065833,126.9579833,423.14646587167505
의왕시,해태제과사거리,226000170,37.36105,126.9619833,423.2184479265074
의왕시,월암2동,226000347,37.3068833,126.9621,425.77468160398615
의왕시,학의JC(경유),277103158,37.3876667,127.0015167,428.710579747511
의왕시,동아에코빌아파트,226000054,37.3917167,126.9820167,428.7492533482086
의왕시,학의JC(경유),277103156,37.3869833,127.0011667,430.43100412724476
의왕시,한국철도기술연구원,226000183,37.31325,126.9529167,436.26212678608533
의왕시,의왕소방서.원효솔거아파트,226000194,37.3443667,126.97585,437.85919111894333
의왕시,한국철도기술연구원,226000184,37.3130333,126.9528667,445.09677177736745
의왕시,휴먼시아3단지,226000213,37.39255,126.9989667,450.27973058386056
의왕시,학의JC(경유),277103157,37.3875833,127.0018,455.379403669077
의왕시,동아에코빌아파트,226000059,37.3913667,126.9819,456.5442980245081
의왕시,삼호2차아파트,226000358,37.3175833,126.9555,458.6896591198954
의왕시,학의JC(경유),277103159,37.38705,127.0015833,459.74411020954756
의왕시,삼호2차아파트,226000365,37.3176167,126.9554,462.631598214908
의왕시,삼천리자전거,226000394,37.3571667,126.9614833,463.8378968851973
의왕시,의왕통합관제센터,226000187,37.3507667,126.9684167,477.2287691961815
의왕시,민들레베스파트.우성고,226000067,37.34955,126.97905,487.2209775100973
의왕시,벌말초교.한일나래,226000132,37.39285,126.9808833,487.23309913247135
의왕시,의왕통합관제센터,226000179,37.3507667,126.9682833,488.4342596811889
의왕시,오전동주민센터,226000047,37.3533333,126.9709,494.3099581559766
의왕시,의왕소방서.솔거원효아파트,226000182,37.3438833,126.9767,495.91617136532426
의왕시,양지편.청계성당,226000119,37.39065,126.99175,496.9472514130568
의왕시,월암마을회관,226000351,37.3077833,126.9599833,499.874864703035
의왕시,보훈회관.무궁화선경아파트,226000320,37.3503667,126.9791,502.67785543854984
의왕시,영광빌라사거리,226000364,37.3172333,126.9539333,505.0430251186679
의왕시,휴먼시아5단지,226000216,37.3915333,127.0015333,506.73734708589035
의왕시,의왕통합관제센터,226000180,37.3505167,126.9679667,507.71802766302454
의왕시,삼천리자전거,226000395,37.3567833,126.9611833,507.9024163878837
의왕시,영광빌라사거리,226000359,37.3173333,126.9539833,510.3823508964522
의왕시,벌말초교.한일나래,226000133,37.3927833,126.9806167,511.60622611285584
의왕시,월암마을회관,226000350,37.3078833,126.9598833,511.6821261866512
의왕시,모락고등학교,226000211,37.3701,126.9662167,516.0218427229157
의왕시,새마을금고.해병전우회,226000313,37.3211333,126.9518333,517.7690111179091
의왕시,원효충무아파트,226000005,37.3457333,126.9771333,518.0955163813995
의왕시,능안입구,226000263,37.3783167,126.99925,519.4971202669993
의왕시,양지편.청계성당,226000116,37.3904833,126.9913,526.8971885695267
의왕시,민들레베스파트.우성고,226000031,37.3499167,126.9794833,528.2460293963131
의왕시,무궁화선경아파트,226000025,37.3505667,126.9793833,532.0956618000407
의왕시,새마을금고.해병전우회,226000314,37.321,126.9516667,533.3939142546934
의왕시,월암갈비,226000355,37.3095167,126.9551333,538.9398926803293
의왕시,월암동삼거리,226000349,37.3081667,126.9607,541.7701604163581
의왕시,능안입구,226000264,37.3781167,126.9989667,542.0562652888042
의왕시,월암방앗간,226000353,37.3066,126.9558333,545.8466073537949
의왕시,선경무궁화아파트,226000008,37.3518333,126.9789167,546.0212239490313
의왕시,원효충무아파트,226000034,37.3454667,126.9772167,546.1769291770075
의왕시,월암방앗간,226000352,37.30665,126.9558833,546.3556558531601
의왕시,월암갈비,226000354,37.3094167,126.9551667,547.7166390447983
의왕시,금천마을,226000097,37.3292833,126.9530833,549.8927630730417
의왕시,여성회관.복전원,226000009,37.35385,126.9763167,550.8497765983423
의왕시,선경무궁화아파트,226000015,37.3521833,126.9787167,551.4494917109514
의왕시,휴먼시아5단지,226000215,37.3918333,127.0019333,554.977096562278
의왕시,한국교통대학교,226000076,37.31475,126.9516,555.515829740876
의왕시,월암동삼거리,226000348,37.3083167,126.9607167,558.5018548050043
의왕시,금천마을,226000082,37.3292667,126.9527,573.5191106957434
의왕시,오전초등학교.동백아파트,226000013,37.3557,126.9709833,574.72037850643
의왕시,고고리마을입구,226000041,37.3420167,126.9776667,582.634195489528
의왕시,오전동주민센터,226000043,37.3538,126.9699,584.2402165592416
의왕시,통미마을,226000050,37.34135,126.9787667,589.4568894908728
의왕시,한국교통대학교,226000103,37.3148,126.9512,591.3180742995573
의왕시,내손순환길삼거리,226000022,37.3908,126.9805167,593.8556851583793
의왕시,여성회관,226000014,37.35445,126.9758167,594.9433956525512
의왕시,내손초등학교,226000142,37.3891167,126.9823167,600.0265227487896
의왕시,우성5차.KT전화국앞,226000363,37.3171333,126.9523333,602.7695503533652
의왕시,오전초등학교.동백아파트,226000010,37.3554333,126.9711333,604.4572269458085
의왕시,천왕사,226000277,37.38855,127.0179333,607.213849982111
의왕시,대림아파트1단지,226000210,37.3896167,126.9814333,609.1260880313865
의왕시,우성5차.KT전화국앞,226000360,37.3172167,126.9523167,609.5437043827836
의왕시,천왕사,226000276,37.3884667,127.0178667,612.3051631616997
의왕시,내손초등학교,226000021,37.3888167,126.98245,620.5925868009699
의왕시,괴말,226000308,37.3267167,126.9596667,620.8850509804066
의왕시,괴말,226000389,37.3267667,126.9597167,627.473575881912
의왕시,아리조나,226000288,37.3837,127.00625,629.0365897722982
의왕시,두산위브,226000346,37.39085,126.97995,635.1876313765629
의왕시,왕곡초등학교,226000006,37.3463,126.9796333,640.3121682376412
의왕시,의왕역,226000160,37.3210667,126.9503,653.5557158721978
의왕시,부곡초교,226000102,37.3158167,126.9507833,655.6199037043413
의왕시,의왕역,226000161,37.3209167,126.9502833,656.0753165031371
의왕시,휴먼시아4단지,226000214,37.3939,127.00075,656.6892991146278
의왕시,아리조나,226000287,37.3838167,127.00655,657.0334807630583
의왕시,우성고등학교,226000007,37.3497667,126.9810333,663.4557813750624
의왕시,휴먼시아4단지,226000173,37.3940333,127.0006333,664.2282555821541
의왕시,부곡초교,226000077,37.3157833,126.95065,665.5757964572676
의왕시,우성고등학교,226000032,37.34995,126.9811167,672.3115119294486
의왕시,신협오거리,226000100,37.3196333,126.9501833,690.3248261777024
의왕시,재활용센타,226000087,37.3377667,126.96695,694.0863807719006
의왕시,학현마을,226000278,37.3877333,127.0181667,696.550688124851
의왕시,지지대고개(경유),277103322,37.33045,126.9833333,697.6153244795377
의왕시,신협오거리,226000079,37.3196667,126.9500833,697.8109630366935
의왕시,지지대고개(경유),277103323,37.33055,126.9836667,700.6163809347142
의왕시,재활용센타,226000092,37.3376167,126.9671,701.2315592198972
의왕시,학현마을,226000279,37.3876667,127.0183,708.660745948862
의왕시,원터마을,226000122,37.3945667,127.0223167,709.4287627543687
의왕시,왕곡초등학교,226000033,37.3459667,126.9805167,726.1240653468726
의왕시,교동,226000086,37.33615,126.9644667,738.2066868803732
의왕시,교동,226000093,37.3360167,126.96465,746.0278218257873
의왕시,원터마을,226000199,37.39475,127.02275,751.1661810523087
의왕시,철도박물관,226000362,37.3147333,126.94935,752.019788596067
의왕시,배꼽,226000280,37.38705,127.018,758.2296441451133
의왕시,백운고등학교,226000150,37.3867167,126.98465,764.7868715404763
의왕시,옥박골,226000195,37.3941833,127.0023667,765.0004115102072
의왕시,내동.내손초등학교,226000060,37.3882167,126.9807167,766.372076139986
의왕시,내동.내손초등학교,226000053,37.3883333,126.9805,769.2690463073302
의왕시,배꼽,226000281,37.387,127.0181833,770.0805206692613
의왕시,고천다목적체육관,226000225,37.3477667,126.9820167,771.3218683838354
의왕시,숲속마을2단지,226000227,37.4003833,126.9872833,774.1203482702373
의왕시,원터마을,226000113,37.3942667,127.0231333,774.6657297463291
의왕시,꿈마을아파트,226000101,37.3175333,126.9503167,775.4142804915411
의왕시,의왕청계영업소,226000190,37.3931333,127.02325,776.9879780230585
의왕시,백운고교,226000020,37.3866,126.9845167,779.8696321391903
의왕시,의왕역,226000099,37.3215833,126.9488667,779.8708378561737
의왕시,꿈마을아파트,226000078,37.3174667,126.9502,780.4141143288444
의왕시,옥박골,226000196,37.3942667,127.0025667,783.388424197954
의왕시,정진기계앞,226000169,37.3525333,126.9629167,785.8166769450042
의왕시,의왕역,226000080,37.3214167,126.9487667,788.3462400359098
의왕시,종가집,226000282,37.38645,127.0169667,789.1034344438016
의왕시,부곡초등학교후문,226000356,37.3161667,126.9492833,793.7237043708814
의왕시,고천체육공원,226000235,37.3466667,126.9818333,794.1691270536925
의왕시,정진기계,226000168,37.3524167,126.96285,800.0354078256345
의왕시,종가집,226000283,37.3863333,127.01695,801.1581846745074
의왕시,부용촌,226000261,37.3762667,127.0026167,806.513012258069
의왕시,국민은행,226000345,37.3901167,126.9781833,811.2810506752284
의왕시,국민은행,226000023,37.3899,126.9783167,812.2976742427854
의왕시,부용촌,226000262,37.37615,127.0025333,815.8538298624409
의왕시,고천중학교,226000322,37.352,126.9824167,835.5802916211876
의왕시,롯데첨단소재,226000028,37.3517333,126.9638333,846.5302397717303
의왕시,숲속마을4단지,226000208,37.4010833,126.9858833,848.4813659434566
의왕시,숲속마을4단지,226000209,37.4011,126.9856833,851.3657276852875
의왕시,숲속마을2단지,226000228,37.4008833,126.98875,852.1808324356491
의왕시,롯데첨단소재,226000036,37.3514333,126.9641,864.1560623632475
의왕시,고천중학교,226000321,37.352,126.98285,871.6425412233081
의왕시,부곡주유소,226000098,37.32475,126.9486167,885.7434759172644
의왕시,학현슈퍼,226000286,37.3840167,127.0091333,886.1982341465244
의왕시,학현슈퍼,226000285,37.3841,127.0091333,887.4404050264613
의왕시,고천체육공원,226000177,37.34595,126.9826167,889.9912562362897
의왕시,고천체육공원,226000315,37.3457667,126.98255,893.7450895601723
의왕시,부곡주유소,226000081,37.3249,126.9485333,899.5927868053859
의왕시,삼성래미안.에버하임,226000343,37.3879667,126.97855,920.6040452275718
의왕시,민방위교육장,226000237,37.3866167,126.9804333,923.0515404011297
의왕시,경기외고,226000027,37.3518333,126.9610667,925.6945392398931
의왕시,경기외고,226000037,37.3517167,126.9610167,939.187462726094
의왕시,민방위교육장,226000236,37.3864833,126.9803167,941.1110103241034
의왕시,삼성래미안.에버하임,226000344,37.3878,126.9784,942.8330582650849
의왕시,옥박골,226000306,37.3955833,127.00355,951.8737064284273
의왕시,옥박골,226000307,37.3956167,127.0037667,966.6986456320791
의왕시,포일성당,226000019,37.38495,126.9839,970.7678487025361
의왕시,의왕톨게이트,226000039,37.34645,126.9839333,976.0226662724725
의왕시,의왕톨게이트,226000038,37.3485167,126.9845667,979.7426064140294
의왕시,학현삼거리,226000248,37.3846,127.0123333,981.1017138969207
의왕시,학현삼거리,226000284,37.3845,127.01235,991.7405116449822
의왕시,의왕신부곡IC(경유),277103314,37.3328,126.9682833,992.8387762579287
의왕시,숲속마을3.5단지,226000207,37.4023833,126.9858333,993.0833043068251
의왕시,의왕신부곡IC(경유),277103315,37.3323833,126.9683,996.874820525624
의왕시,포일운동장앞,226000149,37.3846667,126.9838333,1002.7917778110517
의왕시,샘마을.대안중학교,226000136,37.3746,126.9676333,1016.2328687238222
의왕시,의왕청계영업소,226000191,37.39245,127.0261667,1018.6184727714206
의왕시,국궁터,226000251,37.3830667,127.0107167,1018.7344512648764
의왕시,올가,226000253,37.37635,127.0071333,1018.7450077746216
의왕시,하루,226000249,37.3839,127.0106667,1019.3266212374011
의왕시,국궁터,226000252,37.38305,127.01085,1030.4978262531956
의왕시,하루,226000250,37.3838833,127.0108167,1032.3343860587277
의왕시,부곡차량사업소,226000369,37.3199,126.9461,1036.9417398206917
의왕시,인덕원IT밸리,226000230,37.4016667,126.9920167,1040.908048921295
의왕시,인덕원IT밸리,226000229,37.4018167,126.9917833,1045.92826136496
의왕시,부곡차량사업소,226000368,37.3201,126.9458667,1054.1336791294816
의왕시,대림아파트4단지,226000052,37.3863333,126.9784167,1057.7399294857028
의왕시,올가,226000254,37.376,127.0073167,1058.2211499334687
의왕시,의일마을.물레방아간,226000260,37.3741167,127.0035333,1058.6005533980742
의왕시,어린이공원,226000238,37.3852833,126.97995,1070.574072856994
의왕시,대림아파트5단지,226000061,37.38605,126.9784333,1080.5986276313533
의왕시,의일마을.물레방아간,226000259,37.3739167,127.0038667,1090.1841580910154
의왕시,능안삼거리,226509100,37.3730333,126.9972,1120.7931399956346
의왕시,청계4통경로당,226000301,37.4011833,127.0065333,1125.1578970150365
의왕시,수원상회,226000370,37.3184667,126.9454667,1127.0706019767317
의왕시,숲속마을3.5단지,226000206,37.4036333,126.9862833,1131.0623694499573
의왕시,수원상회,226000371,37.3183833,126.9453667,1138.2115972383813
의왕시,청계4통경로당,226000300,37.4012167,127.0063333,1139.1141438123273
의왕시,북골,226000255,37.3750167,127.0073,1140.0012690711053
의왕시,어린이공원,226000239,37.3848167,126.9792833,1145.9527632651893
의왕시,능안삼거리,226000390,37.3727667,126.9967833,1156.2750846369843
의왕시,오작교,226000257,37.37435,127.0066,1162.6162710776846
의왕시,왕림마을,226000002,37.34495,126.98715,1164.7204695141315
의왕시,북골,226000256,37.3747167,127.0073,1166.1287907446278
의왕시,오작교,226000258,37.3741667,127.0063833,1168.9874968182594
의왕시,왕림마을,226000055,37.345,126.98725,1174.1891334682832
의왕시,포일성당입구,226000148,37.3835667,126.9816,1177.3989787611895
의왕시,농협,226000391,37.3885,126.9745333,1180.340903987964
의왕시,농협삼거리.우미린아파트,226000024,37.3883,126.9745333,1190.8990214868493
의왕시,발도르프학교,226000299,37.4029833,127.00855,1200.4369433633362
의왕시,발도르프학교,226000298,37.40305,127.00845,1210.965035063404
의왕시,경기외국어고등학교,226508770,37.3466667,126.9582667,1212.9673889795763
의왕시,어린이집,226000324,37.3540667,126.9859667,1214.0654625471616
의왕시,어린이집,226000323,37.3539833,126.98605,1216.8306540674682
의왕시,구생명교회,226000018,37.3835167,126.9805,1220.4310499822666
의왕시,자연앤아파트,226508760,37.3465667,126.9579667,1234.3903967641124
의왕시,남교회,226000017,37.3839333,126.9787667,1253.291244748009
의왕시,대원아파트,226000066,37.3763667,126.9706667,1257.0321341228234
의왕시,포일남교회,226000147,37.3837667,126.97875,1269.7697196554261
의왕시,진부촌,226000295,37.4047167,127.01535,1276.3129946003687
의왕시,갈뫼초등학교,226000127,37.3761833,126.9723,1284.6137708264862
의왕시,대원아파트,226000126,37.37665,126.9705833,1285.4579555089676
의왕시,초평슈퍼,226000373,37.3165833,126.9435667,1292.8707102441101
의왕시,오린개마을,226000332,37.3715,127.0018167,1298.409696954496
의왕시,초평슈퍼,226000372,37.31665,126.9435,1300.34445823222
의왕시,진부촌,226000294,37.4049333,127.0155333,1301.4359169467411
의왕시,갈뫼초등학교,226000065,37.3760667,126.9731667,1303.702615549202
의왕시,오린개마을,226000331,37.3714167,127.0019833,1310.2199207318988
의왕시,포일자이아파트사거리,226000342,37.3843667,126.97665,1325.2582947131882
의왕시,왕곡동마을회관,226000316,37.3448833,126.9903167,1331.732392667963
의왕시,왕곡동마을회관,226000317,37.3449667,126.9903,1337.5109964024416
의왕시,포일자이아파트사거리,226000016,37.38435,126.9763667,1342.9705469448506
의왕시,내손공영주차장,226000062,37.3832667,126.9778833,1357.9016645579677
의왕시,회차(경유),277101753,37.4057167,126.9872833,1365.2335853902437
의왕시,내손공영주차장,226000131,37.3833,126.9776167,1367.9491478542438
의왕시,옛골,226509090,37.3713167,126.9937,1385.4408336735373
의왕시,옛골,226509080,37.3712167,126.9936167,1398.4364171780496
의왕시,상록아파트,226000240,37.3775,126.9721833,1417.7983620280575
의왕시,내손주공아파트,226000200,37.3776333,126.972,1426.4920709026587
의왕시,청계산입구,226000293,37.4058333,127.0177,1427.0903205956247
의왕시,지장암,226000325,37.3563333,126.9872667,1436.593539703721
의왕시,청계산입구,226000292,37.4059333,127.0176333,1436.822646407478
의왕시,지장암,226000326,37.3564333,126.9872167,1438.8630988090522
의왕시,과천터널진입(경유),277103200,37.40185,127.00175,1473.8106125136262
의왕시,포일자이아파트,226000193,37.3838,126.9748167,1480.3460284864473
의왕시,포일자이아파트,226000341,37.3835833,126.97505,1483.9882948689678
의왕시,안양남초등학교,226000135,37.3787167,126.9705333,1507.6312205085198
의왕시,갈뫼중학교.내손1동주민센터,226000128,37.3773,126.9752667,1511.2573283230845
의왕시,농수산물시장.포일단지입구,226000134,37.3846167,126.9727667,1551.2099746813471
의왕시,타운하우스,226509070,37.3708667,126.9901167,1568.158188864385
의왕시,옛방앗간,226000377,37.3137,126.9399333,1578.9261976658927
의왕시,타운하우스,226509060,37.3708333,126.9897833,1586.5802202581895
의왕시,갈뫼중학교.내손1동주민센터,226000064,37.3779,126.9759667,1599.9592247534783
의왕시,옛방앗간,226000376,37.3136167,126.9396667,1602.645017212311
의왕시,오메기마을,226000327,37.3573333,126.98875,1607.0325220972977
의왕시,오메기마을,226000328,37.3574667,126.98875,1615.2065354971458
의왕시,국민체육센터,226000063,37.3815667,126.9756,1628.0412186671128
의왕시,의왕국민체육센터,226000130,37.3817,126.9753333,1629.9747219436786
의왕시,모락산안골식당,226509050,37.3711667,126.9882167,1633.2810024373418
의왕시,중간새우대,226000379,37.3112833,126.9391667,1671.7510312140087
의왕시,청계산주차장,226000291,37.4055667,127.0256667,1676.6928781125894
의왕시,중간새우대,226000378,37.3111,126.9391,1681.1919205283432
의왕시,윗새우대,226000375,37.3157833,126.9388333,1689.3600796040007
의왕시,계원예술대학교,226000140,37.3791833,126.97515,1691.962833005172
의왕시,롯데마트,226000340,37.3800833,126.9729333,1710.9986992183965
의왕시,계원예술대학교,226000123,37.3796833,126.9752833,1747.1968562554305
의왕시,초평동,226000380,37.3085667,126.9391667,1749.445547917184
의왕시,왕림윗마을,226000155,37.3461167,126.9957833,1781.1364669208342
의왕시,왕림윗마을,226000058,37.34625,126.9962167,1820.3868932346534
의왕시,뒷골,226000330,37.3580667,126.9917333,1873.8498911765878
의왕시,뒷골,226000336,37.3579667,126.9921,1896.1371826115078
의왕시,뒷골,226000329,37.35835,126.99205,1914.0842850068327
의왕시,의왕터널진입(경유),277103220,37.3656667,126.9992333,1926.0875321243686
의왕시,강진마을,226000388,37.3196833,126.9350333,2011.4213139978428
의왕시,백운동산,226000333,37.3639,126.9976333,2126.96756433699
의왕시,백운동산,226000334,37.3638167,126.9975667,2136.5972070484095
의왕시,오메기저수지,226000335,37.3575333,126.99635,2208.9875272399613
의왕시,백운사입구,226000318,37.3475167,127.00185,2307.494683550878
의왕시,의왕터널진입(경유),277103221,37.35895,126.9983333,2434.411666820221
